"State Code","County Code","Site Number","Parameter Code","POC","Latitude","Longitude","Datum","Parameter Name","Duration Description","Pollutant Standard","Date (Local)","Year","Day In Year (Local)","Units of Measure","Exceptional Data Type","Nonreg Observation Count","Observation Count","Observation Percent","Nonreg Arithmetic Mean","Arithmetic Mean","Nonreg First Maximum Value","First Maximum Value","First Maximum Hour","AQI","Daily Criteria Indicator","Tribe Name","State Name","County Name","City Name","Local Site Name","Address","MSA or CBSA Name","Data Source"
"08","041","0016","44201","1","38.853097","-104.901289","WGS84","Ozone","1 HOUR","Ozone 1-hour 1979","2023-01-01","2023","001","Parts per million","None","","24","100.0000","","0.029333","","0.039","13",".","Y","","Colorado","El Paso","Manitou Springs (Manitou)","MANITOU SPRINGS","101 BANKS PL.","Colorado Springs, CO","AQS Data Mart"
"08","041","0016","44201","1","38.853097","-104.901289","WGS84","Ozone","8-HR RUN AVG BEGIN HOUR","Ozone 8-hour 2015","2023-01-01","2023","001","Parts per million","None","","17","100.0000","","0.029353","","0.036","9","33","Y","","Colorado","El Paso","Manitou Springs (Manitou)","MANITOU SPRINGS","101 BANKS PL.","Colorado Springs, CO","AQS Data Mart"
"08","041","0016","44201","1","38.853097","-104.901289","WGS84","Ozone","1 HOUR","Ozone 1-hour 1979","2023-01-02","2023","002","Parts per million","None","","24","100.0000","","0.0235","","0.033","1",".","Y","","Colorado","El Paso","Manitou Springs (Manitou)","MANITOU SPRINGS","101 BANKS PL.","Colorado Springs, CO","AQS Data Mart"
"08","041","0016","44201","1","38.853097","-104.901289","WGS84","Ozone","8-HR RUN AVG BEGIN HOUR","Ozone 8-hour 2015","2023-01-02","2023","002","Parts per million","None","","17","100.0000","","0.021176","","0.025","23","23","Y","","Colorado","El Paso","Manitou Springs (Manitou)","MANITOU SPRINGS","101 BANKS PL.","Colorado Springs, CO","AQS Data Mart"
"08","041","0016","44201","1","38.853097","-104.901289","WGS84","Ozone","1 HOUR","Ozone 1-hour 1979","2023-01-03","2023","003","Parts per million","None","","23","96.0000","","0.027435","","0.031","18",".","Y","","Colorado","El Paso","Manitou Springs (Manitou)","MANITOU SPRINGS","101 BANKS PL.","Colorado Springs, CO","AQS Data Mart"
"08","041","0016","44201","1","38.853097","-104.901289","WGS84","Ozone","8-HR RUN AVG BEGIN HOUR","Ozone 8-hour 2015","2023-01-03","2023","003","Parts per million","None","","17","100.0000","","0.029588","","0.038","23","35","Y","","Colorado","El Paso","Manitou Springs (Manitou)","MANITOU SPRINGS","101 BANKS PL.","Colorado Springs, CO","AQS Data Mart"
"08","041","0016","44201","1","38.853097","-104.901289","WGS84","Ozone","1 HOUR","Ozone 1-hour 1979","2023-01-04","2023","004","Parts per million","None","","24","100.0000","","0.04025","","0.049","9",".","Y","","Colorado","El Paso","Manitou Springs (Manitou)","MANITOU SPRINGS","101 BANKS PL.","Colorado Springs, CO","AQS Data Mart"
"08","041","0016","44201","1","38.853097","-104.901289","WGS84","Ozone","8-HR RUN AVG BEGIN HOUR","Ozone 8-hour 2015","2023-01-04","2023","004","Parts per million","None","","17","100.0000","","0.037706","","0.045","7","42","Y","","Colorado","El Paso","Manitou Springs (Manitou)","MANITOU SPRINGS","101 BANKS PL.","Colorado Springs, CO","AQS Data Mart"
"08","041","0016","44201","1","38.853097","-104.901289","WGS84","Ozone","1 HOUR","Ozone 1-hour 1979","2023-01-05","2023","005","Parts per million","None","","24","100.0000","","0.031792","","0.046","12",".","Y","","Colorado","El Paso","Manitou Springs (Manitou)","MANITOU SPRINGS","101 BANKS PL.","Colorado Springs, CO","AQS Data Mart"
"08","041","0016","44201","1","38.853097","-104.901289","WGS84","Ozone","8-HR RUN AVG BEGIN HOUR","Ozone 8-hour 2015","2023-01-05","2023","005","Parts per million","None","","17","100.0000","","0.031","","0.044","23","41","Y","","Colorado","El Paso","Manitou Springs (Manitou)","MANITOU SPRINGS","101 BANKS PL.","Colorado Springs, CO","AQS Data Mart"
"08","041","0016","44201","1","38.853097","-104.901289","WGS84","Ozone","1 HOUR","Ozone 1-hour 1979","2023-01-06","2023","006","Parts per million","None","","24","100.0000","","0.044917","","0.055","3",".","Y","","Colorado","El Paso","Manitou Springs (Manitou)","MANITOU SPRINGS","101 BANKS PL.","Colorado Springs, CO","AQS Data Mart"
"08","041","0016","44201","1","38.853097","-104.901289","WGS84","Ozone","8-HR RUN AVG BEGIN HOUR","Ozone 8-hour 2015","2023-01-06","2023","006","Parts per million","None","","17","100.0000","","0.041941","","0.049","8","45","Y","","Colorado","El Paso","Manitou Springs (Manitou)","MANITOU SPRINGS","101 BANKS PL.","Colorado Springs, CO","AQS Data Mart"
"08","041","0016","44201","1","38.853097","-104.901289","WGS84","Ozone","1 HOUR","Ozone 1-hour 1979","2023-01-07","2023","007","Parts per million","None","","24","100.0000","","0.036","","0.044","14",".","Y","","Colorado","El Paso","Manitou Springs (Manitou)","MANITOU SPRINGS","101 BANKS PL.","Colorado Springs, CO","AQS Data Mart"
"08","041","0016","44201","1","38.853097","-104.901289","WGS84","Ozone","8-HR RUN AVG BEGIN HOUR","Ozone 8-hour 2015","2023-01-07","2023","007","Parts per million","None","","17","100.0000","","0.036412","","0.04","23","37","Y","","Colorado","El Paso","Manitou Springs (Manitou)","MANITOU SPRINGS","101 BANKS PL.","Colorado Springs, CO","AQS Data Mart"
"08","041","0016","44201","1","38.853097","-104.901289","WGS84","Ozone","1 HOUR","Ozone 1-hour 1979","2023-01-08","2023","008","Parts per million","None","","24","100.0000","","0.044417","","0.049","11",".","Y","","Colorado","El Paso","Manitou Springs (Manitou)","MANITOU SPRINGS","101 BANKS PL.","Colorado Springs, CO","AQS Data Mart"
"08","041","0016","44201","1","38.853097","-104.901289","WGS84","Ozone","8-HR RUN AVG BEGIN HOUR","Ozone 8-hour 2015","2023-01-08","2023","008","Parts per million","None","","17","100.0000","","0.045471","","0.046","7","43","Y","","Colorado","El Paso","Manitou Springs (Manitou)","MANITOU SPRINGS","101 BANKS PL.","Colorado Springs, CO","AQS Data Mart"
"08","041","0016","44201","1","38.853097","-104.901289","WGS84","Ozone","1 HOUR","Ozone 1-hour 1979","2023-01-09","2023","009","Parts per million","None","","23","96.0000","","0.040652","","0.049","4",".","Y","","Colorado","El Paso","Manitou Springs (Manitou)","MANITOU SPRINGS","101 BANKS PL.","Colorado Springs, CO","AQS Data Mart"
"08","041","0016","44201","1","38.853097","-104.901289","WGS84","Ozone","8-HR RUN AVG BEGIN HOUR","Ozone 8-hour 2015","2023-01-09","2023","009","Parts per million","None","","17","100.0000","","0.037353","","0.04","8","37","Y","","Colorado","El Paso","Manitou Springs (Manitou)","MANITOU SPRINGS","101 BANKS PL.","Colorado Springs, CO","AQS Data Mart"
"08","041","0016","44201","1","38.853097","-104.901289","WGS84","Ozone","1 HOUR","Ozone 1-hour 1979","2023-01-10","2023","010","Parts per million","None","","24","100.0000","","0.039958","","0.048","23",".","Y","","Colorado","El Paso","Manitou Springs (Manitou)","MANITOU SPRINGS","101 BANKS PL.","Colorado Springs, CO","AQS Data Mart"
"08","041","0016","44201","1","38.853097","-104.901289","WGS84","Ozone","8-HR RUN AVG BEGIN HOUR","Ozone 8-hour 2015","2023-01-10","2023","010","Parts per million","None","","17","100.0000","","0.043647","","0.046","16","43","Y","","Colorado","El Paso","Manitou Springs (Manitou)","MANITOU SPRINGS","101 BANKS PL.","Colorado Springs, CO","AQS Data Mart"
"08","041","0016","44201","1","38.853097","-104.901289","WGS84","Ozone","1 HOUR","Ozone 1-hour 1979","2023-01-11","2023","011","Parts per million","None","","24","100.0000","","0.041708","","0.056","8",".","Y","","Colorado","El Paso","Manitou Springs (Manitou)","MANITOU SPRINGS","101 BANKS PL.","Colorado Springs, CO","AQS Data Mart"
"08","041","0016","44201","1","38.853097","-104.901289","WGS84","Ozone","8-HR RUN AVG BEGIN HOUR","Ozone 8-hour 2015","2023-01-11","2023","011","Parts per million","None","","17","100.0000","","0.036412","","0.048","7","44","Y","","Colorado","El Paso","Manitou Springs (Manitou)","MANITOU SPRINGS","101 BANKS PL.","Colorado Springs, CO","AQS Data Mart"
"08","041","0016","44201","1","38.853097","-104.901289","WGS84","Ozone","1 HOUR","Ozone 1-hour 1979","2023-01-12","2023","012","Parts per million","None","","24","100.0000","","0.03475","","0.042","14",".","Y","","Colorado","El Paso","Manitou Springs (Manitou)","MANITOU SPRINGS","101 BANKS PL.","Colorado Springs, CO","AQS Data Mart"
"08","041","0016","44201","1","38.853097","-104.901289","WGS84","Ozone","8-HR RUN AVG BEGIN HOUR","Ozone 8-hour 2015","2023-01-12","2023","012","Parts per million","None","","17","100.0000","","0.035118","","0.037","7","34","Y","","Colorado","El Paso","Manitou Springs (Manitou)","MANITOU SPRINGS","101 BANKS PL.","Colorado Springs, CO","AQS Data Mart"
"08","041","0016","44201","1","38.853097","-104.901289","WGS84","Ozone","1 HOUR","Ozone 1-hour 1979","2023-01-13","2023","013","Parts per million","None","","24","100.0000","","0.037208","","0.046","14",".","Y","","Colorado","El Paso","Manitou Springs (Manitou)","MANITOU SPRINGS","101 BANKS PL.","Colorado Springs, CO","AQS Data Mart"
"08","041","0016","44201","1","38.853097","-104.901289","WGS84","Ozone","8-HR RUN AVG BEGIN HOUR","Ozone 8-hour 2015","2023-01-13","2023","013","Parts per million","None","","17","100.0000","","0.036647","","0.04","9","37","Y","","Colorado","El Paso","Manitou Springs (Manitou)","MANITOU SPRINGS","101 BANKS PL.","Colorado Springs, CO","AQS Data Mart"
"08","041","0016","44201","1","38.853097","-104.901289","WGS84","Ozone","1 HOUR","Ozone 1-hour 1979","2023-01-14","2023","014","Parts per million","None","","24","100.0000","","0.038792","","0.043","14",".","Y","","Colorado","El Paso","Manitou Springs (Manitou)","MANITOU SPRINGS","101 BANKS PL.","Colorado Springs, CO","AQS Data Mart"
"08","041","0016","44201","1","38.853097","-104.901289","WGS84","Ozone","8-HR RUN AVG BEGIN HOUR","Ozone 8-hour 2015","2023-01-14","2023","014","Parts per million","None","","17","100.0000","","0.039882","","0.042","22","39","Y","","Colorado","El Paso","Manitou Springs (Manitou)","MANITOU SPRINGS","101 BANKS PL.","Colorado Springs, CO","AQS Data Mart"
"08","041","0016","44201","1","38.853097","-104.901289","WGS84","Ozone","1 HOUR","Ozone 1-hour 1979","2023-01-15","2023","015","Parts per million","None","","24","100.0000","","0.039792","","0.045","0",".","Y","","Colorado","El Paso","Manitou Springs (Manitou)","MANITOU SPRINGS","101 BANKS PL.","Colorado Springs, CO","AQS Data Mart"
"08","041","0016","44201","1","38.853097","-104.901289","WGS84","Ozone","8-HR RUN AVG BEGIN HOUR","Ozone 8-hour 2015","2023-01-15","2023","015","Parts per million","None","","17","100.0000","","0.038","","0.04","11","37","Y","","Colorado","El Paso","Manitou Springs (Manitou)","MANITOU SPRINGS","101 BANKS PL.","Colorado Springs, CO","AQS Data Mart"
"08","041","0016","44201","1","38.853097","-104.901289","WGS84","Ozone","1 HOUR","Ozone 1-hour 1979","2023-01-16","2023","016","Parts per million","None","","24","100.0000","","0.039875","","0.047","15",".","Y","","Colorado","El Paso","Manitou Springs (Manitou)","MANITOU SPRINGS","101 BANKS PL.","Colorado Springs, CO","AQS Data Mart"
"08","041","0016","44201","1","38.853097","-104.901289","WGS84","Ozone","8-HR RUN AVG BEGIN HOUR","Ozone 8-hour 2015","2023-01-16","2023","016","Parts per million","None","","17","100.0000","","0.041588","","0.044","9","41","Y","","Colorado","El Paso","Manitou Springs (Manitou)","MANITOU SPRINGS","101 BANKS PL.","Colorado Springs, CO","AQS Data Mart"
"08","041","0016","44201","1","38.853097","-104.901289","WGS84","Ozone","1 HOUR","Ozone 1-hour 1979","2023-01-17","2023","017","Parts per million","None","","23","96.0000","","0.032783","","0.04","0",".","Y","","Colorado","El Paso","Manitou Springs (Manitou)","MANITOU SPRINGS","101 BANKS PL.","Colorado Springs, CO","AQS Data Mart"
"08","041","0016","44201","1","38.853097","-104.901289","WGS84","Ozone","8-HR RUN AVG BEGIN HOUR","Ozone 8-hour 2015","2023-01-17","2023","017","Parts per million","None","","17","100.0000","","0.027","","0.032","7","30","Y","","Colorado","El Paso","Manitou Springs (Manitou)","MANITOU SPRINGS","101 BANKS PL.","Colorado Springs, CO","AQS Data Mart"
"08","041","0016","44201","1","38.853097","-104.901289","WGS84","Ozone","1 HOUR","Ozone 1-hour 1979","2023-01-18","2023","018","Parts per million","None","","24","100.0000","","0.027375","","0.036","18",".","Y","","Colorado","El Paso","Manitou Springs (Manitou)","MANITOU SPRINGS","101 BANKS PL.","Colorado Springs, CO","AQS Data Mart"
"08","041","0016","44201","1","38.853097","-104.901289","WGS84","Ozone","8-HR RUN AVG BEGIN HOUR","Ozone 8-hour 2015","2023-01-18","2023","018","Parts per million","None","","17","100.0000","","0.032176","","0.036","23","33","Y","","Colorado","El Paso","Manitou Springs (Manitou)","MANITOU SPRINGS","101 BANKS PL.","Colorado Springs, CO","AQS Data Mart"
"08","041","0016","44201","1","38.853097","-104.901289","WGS84","Ozone","1 HOUR","Ozone 1-hour 1979","2023-01-19","2023","019","Parts per million","None","","24","100.0000","","0.035958","","0.047","5",".","Y","","Colorado","El Paso","Manitou Springs (Manitou)","MANITOU SPRINGS","101 BANKS PL.","Colorado Springs, CO","AQS Data Mart"
"08","041","0016","44201","1","38.853097","-104.901289","WGS84","Ozone","8-HR RUN AVG BEGIN HOUR","Ozone 8-hour 2015","2023-01-19","2023","019","Parts per million","None","","17","100.0000","","0.035647","","0.041","11","38","Y","","Colorado","El Paso","Manitou Springs (Manitou)","MANITOU SPRINGS","101 BANKS PL.","Colorado Springs, CO","AQS Data Mart"
"08","041","0016","44201","1","38.853097","-104.901289","WGS84","Ozone","1 HOUR","Ozone 1-hour 1979","2023-01-20","2023","020","Parts per million","None","","24","100.0000","","0.033083","","0.04","15",".","Y","","Colorado","El Paso","Manitou Springs (Manitou)","MANITOU SPRINGS","101 BANKS PL.","Colorado Springs, CO","AQS Data Mart"
"08","041","0016","44201","1","38.853097","-104.901289","WGS84","Ozone","8-HR RUN AVG BEGIN HOUR","Ozone 8-hour 2015","2023-01-20","2023","020","Parts per million","None","","17","100.0000","","0.034765","","0.04","23","37","Y","","Colorado","El Paso","Manitou Springs (Manitou)","MANITOU SPRINGS","101 BANKS PL.","Colorado Springs, CO","AQS Data Mart"
"08","041","0016","44201","1","38.853097","-104.901289","WGS84","Ozone","1 HOUR","Ozone 1-hour 1979","2023-01-21","2023","021","Parts per million","None","","24","100.0000","","0.039458","","0.047","11",".","Y","","Colorado","El Paso","Manitou Springs (Manitou)","MANITOU SPRINGS","101 BANKS PL.","Colorado Springs, CO","AQS Data Mart"
"08","041","0016","44201","1","38.853097","-104.901289","WGS84","Ozone","8-HR RUN AVG BEGIN HOUR","Ozone 8-hour 2015","2023-01-21","2023","021","Parts per million","None","","17","100.0000","","0.036647","","0.045","7","42","Y","","Colorado","El Paso","Manitou Springs (Manitou)","MANITOU SPRINGS","101 BANKS PL.","Colorado Springs, CO","AQS Data Mart"
"08","041","0016","44201","1","38.853097","-104.901289","WGS84","Ozone","1 HOUR","Ozone 1-hour 1979","2023-01-22","2023","022","Parts per million","None","","24","100.0000","","0.040625","","0.046","1",".","Y","","Colorado","El Paso","Manitou Springs (Manitou)","MANITOU SPRINGS","101 BANKS PL.","Colorado Springs, CO","AQS Data Mart"
"08","041","0016","44201","1","38.853097","-104.901289","WGS84","Ozone","8-HR RUN AVG BEGIN HOUR","Ozone 8-hour 2015","2023-01-22","2023","022","Parts per million","None","","17","100.0000","","0.039235","","0.043","10","40","Y","","Colorado","El Paso","Manitou Springs (Manitou)","MANITOU SPRINGS","101 BANKS PL.","Colorado Springs, CO","AQS Data Mart"
"08","041","0016","44201","1","38.853097","-104.901289","WGS84","Ozone","1 HOUR","Ozone 1-hour 1979","2023-01-23","2023","023","Parts per million","None","","23","96.0000","","0.036304","","0.045","13",".","Y","","Colorado","El Paso","Manitou Springs (Manitou)","MANITOU SPRINGS","101 BANKS PL.","Colorado Springs, CO","AQS Data Mart"
"08","041","0016","44201","1","38.853097","-104.901289","WGS84","Ozone","8-HR RUN AVG BEGIN HOUR","Ozone 8-hour 2015","2023-01-23","2023","023","Parts per million","None","","17","100.0000","","0.035882","","0.042","8","39","Y","","Colorado","El Paso","Manitou Springs (Manitou)","MANITOU SPRINGS","101 BANKS PL.","Colorado Springs, CO","AQS Data Mart"
"08","041","0016","44201","1","38.853097","-104.901289","WGS84","Ozone","1 HOUR","Ozone 1-hour 1979","2023-01-24","2023","024","Parts per million","None","","24","100.0000","","0.042208","","0.046","13",".","Y","","Colorado","El Paso","Manitou Springs (Manitou)","MANITOU SPRINGS","101 BANKS PL.","Colorado Springs, CO","AQS Data Mart"
"08","041","0016","44201","1","38.853097","-104.901289","WGS84","Ozone","8-HR RUN AVG BEGIN HOUR","Ozone 8-hour 2015","2023-01-24","2023","024","Parts per million","None","","17","100.0000","","0.042647","","0.045","10","42","Y","","Colorado","El Paso","Manitou Springs (Manitou)","MANITOU SPRINGS","101 BANKS PL.","Colorado Springs, CO","AQS Data Mart"
"08","041","0016","44201","1","38.853097","-104.901289","WGS84","Ozone","1 HOUR","Ozone 1-hour 1979","2023-01-25","2023","025","Parts per million","None","","24","100.0000","","0.04025","","0.043","4",".","Y","","Colorado","El Paso","Manitou Springs (Manitou)","MANITOU SPRINGS","101 BANKS PL.","Colorado Springs, CO","AQS Data Mart"
"08","041","0016","44201","1","38.853097","-104.901289","WGS84","Ozone","8-HR RUN AVG BEGIN HOUR","Ozone 8-hour 2015","2023-01-25","2023","025","Parts per million","None","","17","100.0000","","0.04","","0.042","9","39","Y","","Colorado","El Paso","Manitou Springs (Manitou)","MANITOU SPRINGS","101 BANKS PL.","Colorado Springs, CO","AQS Data Mart"
"08","041","0016","44201","1","38.853097","-104.901289","WGS84","Ozone","1 HOUR","Ozone 1-hour 1979","2023-01-26","2023","026","Parts per million","None","","24","100.0000","","0.042792","","0.046","22",".","Y","","Colorado","El Paso","Manitou Springs (Manitou)","MANITOU SPRINGS","101 BANKS PL.","Colorado Springs, CO","AQS Data Mart"
"08","041","0016","44201","1","38.853097","-104.901289","WGS84","Ozone","8-HR RUN AVG BEGIN HOUR","Ozone 8-hour 2015","2023-01-26","2023","026","Parts per million","None","","17","100.0000","","0.041588","","0.044","7","41","Y","","Colorado","El Paso","Manitou Springs (Manitou)","MANITOU SPRINGS","101 BANKS PL.","Colorado Springs, CO","AQS Data Mart"
"08","041","0016","44201","1","38.853097","-104.901289","WGS84","Ozone","1 HOUR","Ozone 1-hour 1979","2023-01-27","2023","027","Parts per million","None","","24","100.0000","","0.04075","","0.046","23",".","Y","","Colorado","El Paso","Manitou Springs (Manitou)","MANITOU SPRINGS","101 BANKS PL.","Colorado Springs, CO","AQS Data Mart"
"08","041","0016","44201","1","38.853097","-104.901289","WGS84","Ozone","8-HR RUN AVG BEGIN HOUR","Ozone 8-hour 2015","2023-01-27","2023","027","Parts per million","None","","17","100.0000","","0.042118","","0.046","19","43","Y","","Colorado","El Paso","Manitou Springs (Manitou)","MANITOU SPRINGS","101 BANKS PL.","Colorado Springs, CO","AQS Data Mart"
"08","041","0016","44201","1","38.853097","-104.901289","WGS84","Ozone","1 HOUR","Ozone 1-hour 1979","2023-01-28","2023","028","Parts per million","None","","24","100.0000","","0.041","","0.05","1",".","Y","","Colorado","El Paso","Manitou Springs (Manitou)","MANITOU SPRINGS","101 BANKS PL.","Colorado Springs, CO","AQS Data Mart"
"08","041","0016","44201","1","38.853097","-104.901289","WGS84","Ozone","8-HR RUN AVG BEGIN HOUR","Ozone 8-hour 2015","2023-01-28","2023","028","Parts per million","None","","17","100.0000","","0.035235","","0.041","7","38","Y","","Colorado","El Paso","Manitou Springs (Manitou)","MANITOU SPRINGS","101 BANKS PL.","Colorado Springs, CO","AQS Data Mart"
"08","041","0016","44201","1","38.853097","-104.901289","WGS84","Ozone","1 HOUR","Ozone 1-hour 1979","2023-01-29","2023","029","Parts per million","None","","24","100.0000","","0.029458","","0.035","22",".","Y","","Colorado","El Paso","Manitou Springs (Manitou)","MANITOU SPRINGS","101 BANKS PL.","Colorado Springs, CO","AQS Data Mart"
"08","041","0016","44201","1","38.853097","-104.901289","WGS84","Ozone","8-HR RUN AVG BEGIN HOUR","Ozone 8-hour 2015","2023-01-29","2023","029","Parts per million","None","","17","100.0000","","0.030176","","0.034","20","31","Y","","Colorado","El Paso","Manitou Springs (Manitou)","MANITOU SPRINGS","101 BANKS PL.","Colorado Springs, CO","AQS Data Mart"
"08","041","0016","44201","1","38.853097","-104.901289","WGS84","Ozone","1 HOUR","Ozone 1-hour 1979","2023-01-30","2023","030","Parts per million","None","","23","96.0000","","0.029348","","0.035","0",".","Y","","Colorado","El Paso","Manitou Springs (Manitou)","MANITOU SPRINGS","101 BANKS PL.","Colorado Springs, CO","AQS Data Mart"
"08","041","0016","44201","1","38.853097","-104.901289","WGS84","Ozone","8-HR RUN AVG BEGIN HOUR","Ozone 8-hour 2015","2023-01-30","2023","030","Parts per million","None","","17","100.0000","","0.026353","","0.034","8","31","Y","","Colorado","El Paso","Manitou Springs (Manitou)","MANITOU SPRINGS","101 BANKS PL.","Colorado Springs, CO","AQS Data Mart"
"08","041","0016","44201","1","38.853097","-104.901289","WGS84","Ozone","1 HOUR","Ozone 1-hour 1979","2023-01-31","2023","031","Parts per million","None","","24","100.0000","","0.035792","","0.048","15",".","Y","","Colorado","El Paso","Manitou Springs (Manitou)","MANITOU SPRINGS","101 BANKS PL.","Colorado Springs, CO","AQS Data Mart"
"08","041","0016","44201","1","38.853097","-104.901289","WGS84","Ozone","8-HR RUN AVG BEGIN HOUR","Ozone 8-hour 2015","2023-01-31","2023","031","Parts per million","None","","17","100.0000","","0.041353","","0.044","23","41","Y","","Colorado","El Paso","Manitou Springs (Manitou)","MANITOU SPRINGS","101 BANKS PL.","Colorado Springs, CO","AQS Data Mart"
"08","041","0016","44201","1","38.853097","-104.901289","WGS84","Ozone","1 HOUR","Ozone 1-hour 1979","2023-02-01","2023","032","Parts per million","None","","24","100.0000","","0.042542","","0.05","14",".","Y","","Colorado","El Paso","Manitou Springs (Manitou)","MANITOU SPRINGS","101 BANKS PL.","Colorado Springs, CO","AQS Data Mart"
"08","041","0016","44201","1","38.853097","-104.901289","WGS84","Ozone","8-HR RUN AVG BEGIN HOUR","Ozone 8-hour 2015","2023-02-01","2023","032","Parts per million","None","","17","100.0000","","0.041529","","0.045","10","42","Y","","Colorado","El Paso","Manitou Springs (Manitou)","MANITOU SPRINGS","101 BANKS PL.","Colorado Springs, CO","AQS Data Mart"
"08","041","0016","44201","1","38.853097","-104.901289","WGS84","Ozone","1 HOUR","Ozone 1-hour 1979","2023-02-02","2023","033","Parts per million","None","","24","100.0000","","0.042583","","0.049","14",".","Y","","Colorado","El Paso","Manitou Springs (Manitou)","MANITOU SPRINGS","101 BANKS PL.","Colorado Springs, CO","AQS Data Mart"
"08","041","0016","44201","1","38.853097","-104.901289","WGS84","Ozone","8-HR RUN AVG BEGIN HOUR","Ozone 8-hour 2015","2023-02-02","2023","033","Parts per million","None","","17","100.0000","","0.042706","","0.046","9","43","Y","","Colorado","El Paso","Manitou Springs (Manitou)","MANITOU SPRINGS","101 BANKS PL.","Colorado Springs, CO","AQS Data Mart"
"08","041","0016","44201","1","38.853097","-104.901289","WGS84","Ozone","1 HOUR","Ozone 1-hour 1979","2023-02-03","2023","034","Parts per million","None","","24","100.0000","","0.044583","","0.052","23",".","Y","","Colorado","El Paso","Manitou Springs (Manitou)","MANITOU SPRINGS","101 BANKS PL.","Colorado Springs, CO","AQS Data Mart"
"08","041","0016","44201","1","38.853097","-104.901289","WGS84","Ozone","8-HR RUN AVG BEGIN HOUR","Ozone 8-hour 2015","2023-02-03","2023","034","Parts per million","None","","17","100.0000","","0.045118","","0.05","22","46","Y","","Colorado","El Paso","Manitou Springs (Manitou)","MANITOU SPRINGS","101 BANKS PL.","Colorado Springs, CO","AQS Data Mart"
"08","041","0016","44201","1","38.853097","-104.901289","WGS84","Ozone","1 HOUR","Ozone 1-hour 1979","2023-02-04","2023","035","Parts per million","None","","24","100.0000","","0.047958","","0.053","14",".","Y","","Colorado","El Paso","Manitou Springs (Manitou)","MANITOU SPRINGS","101 BANKS PL.","Colorado Springs, CO","AQS Data Mart"
"08","041","0016","44201","1","38.853097","-104.901289","WGS84","Ozone","8-HR RUN AVG BEGIN HOUR","Ozone 8-hour 2015","2023-02-04","2023","035","Parts per million","None","","17","100.0000","","0.046588","","0.05","8","46","Y","","Colorado","El Paso","Manitou Springs (Manitou)","MANITOU SPRINGS","101 BANKS PL.","Colorado Springs, CO","AQS Data Mart"
"08","041","0016","44201","1","38.853097","-104.901289","WGS84","Ozone","1 HOUR","Ozone 1-hour 1979","2023-02-05","2023","036","Parts per million","None","","24","100.0000","","0.045","","0.052","11",".","Y","","Colorado","El Paso","Manitou Springs (Manitou)","MANITOU SPRINGS","101 BANKS PL.","Colorado Springs, CO","AQS Data Mart"
"08","041","0016","44201","1","38.853097","-104.901289","WGS84","Ozone","8-HR RUN AVG BEGIN HOUR","Ozone 8-hour 2015","2023-02-05","2023","036","Parts per million","None","","17","100.0000","","0.043353","","0.048","8","44","Y","","Colorado","El Paso","Manitou Springs (Manitou)","MANITOU SPRINGS","101 BANKS PL.","Colorado Springs, CO","AQS Data Mart"
"08","041","0016","44201","1","38.853097","-104.901289","WGS84","Ozone","1 HOUR","Ozone 1-hour 1979","2023-02-06","2023","037","Parts per million","None","","23","96.0000","","0.045609","","0.051","11",".","Y","","Colorado","El Paso","Manitou Springs (Manitou)","MANITOU SPRINGS","101 BANKS PL.","Colorado Springs, CO","AQS Data Mart"
"08","041","0016","44201","1","38.853097","-104.901289","WGS84","Ozone","8-HR RUN AVG BEGIN HOUR","Ozone 8-hour 2015","2023-02-06","2023","037","Parts per million","None","","17","100.0000","","0.042765","","0.049","7","45","Y","","Colorado","El Paso","Manitou Springs (Manitou)","MANITOU SPRINGS","101 BANKS PL.","Colorado Springs, CO","AQS Data Mart"
"08","041","0016","44201","1","38.853097","-104.901289","WGS84","Ozone","1 HOUR","Ozone 1-hour 1979","2023-02-07","2023","038","Parts per million","None","","24","100.0000","","0.040292","","0.047","15",".","Y","","Colorado","El Paso","Manitou Springs (Manitou)","MANITOU SPRINGS","101 BANKS PL.","Colorado Springs, CO","AQS Data Mart"
"08","041","0016","44201","1","38.853097","-104.901289","WGS84","Ozone","8-HR RUN AVG BEGIN HOUR","Ozone 8-hour 2015","2023-02-07","2023","038","Parts per million","None","","17","100.0000","","0.040412","","0.044","10","41","Y","","Colorado","El Paso","Manitou Springs (Manitou)","MANITOU SPRINGS","101 BANKS PL.","Colorado Springs, CO","AQS Data Mart"
"08","041","0016","44201","1","38.853097","-104.901289","WGS84","Ozone","1 HOUR","Ozone 1-hour 1979","2023-02-08","2023","039","Parts per million","None","","24","100.0000","","0.042125","","0.051","15",".","Y","","Colorado","El Paso","Manitou Springs (Manitou)","MANITOU SPRINGS","101 BANKS PL.","Colorado Springs, CO","AQS Data Mart"
"08","041","0016","44201","1","38.853097","-104.901289","WGS84","Ozone","8-HR RUN AVG BEGIN HOUR","Ozone 8-hour 2015","2023-02-08","2023","039","Parts per million","None","","17","100.0000","","0.043882","","0.046","10","43","Y","","Colorado","El Paso","Manitou Springs (Manitou)","MANITOU SPRINGS","101 BANKS PL.","Colorado Springs, CO","AQS Data Mart"
"08","041","0016","44201","1","38.853097","-104.901289","WGS84","Ozone","1 HOUR","Ozone 1-hour 1979","2023-02-09","2023","040","Parts per million","None","","24","100.0000","","0.043583","","0.049","1",".","Y","","Colorado","El Paso","Manitou Springs (Manitou)","MANITOU SPRINGS","101 BANKS PL.","Colorado Springs, CO","AQS Data Mart"
"08","041","0016","44201","1","38.853097","-104.901289","WGS84","Ozone","8-HR RUN AVG BEGIN HOUR","Ozone 8-hour 2015","2023-02-09","2023","040","Parts per million","None","","17","100.0000","","0.042235","","0.045","8","42","Y","","Colorado","El Paso","Manitou Springs (Manitou)","MANITOU SPRINGS","101 BANKS PL.","Colorado Springs, CO","AQS Data Mart"
"08","041","0016","44201","1","38.853097","-104.901289","WGS84","Ozone","1 HOUR","Ozone 1-hour 1979","2023-02-10","2023","041","Parts per million","None","","24","100.0000","","0.039958","","0.045","5",".","Y","","Colorado","El Paso","Manitou Springs (Manitou)","MANITOU SPRINGS","101 BANKS PL.","Colorado Springs, CO","AQS Data Mart"
"08","041","0016","44201","1","38.853097","-104.901289","WGS84","Ozone","8-HR RUN AVG BEGIN HOUR","Ozone 8-hour 2015","2023-02-10","2023","041","Parts per million","None","","17","100.0000","","0.038353","","0.041","9","38","Y","","Colorado","El Paso","Manitou Springs (Manitou)","MANITOU SPRINGS","101 BANKS PL.","Colorado Springs, CO","AQS Data Mart"
"08","041","0016","44201","1","38.853097","-104.901289","WGS84","Ozone","1 HOUR","Ozone 1-hour 1979","2023-02-11","2023","042","Parts per million","None","","24","100.0000","","0.034458","","0.039","0",".","Y","","Colorado","El Paso","Manitou Springs (Manitou)","MANITOU SPRINGS","101 BANKS PL.","Colorado Springs, CO","AQS Data Mart"
"08","041","0016","44201","1","38.853097","-104.901289","WGS84","Ozone","8-HR RUN AVG BEGIN HOUR","Ozone 8-hour 2015","2023-02-11","2023","042","Parts per million","None","","17","100.0000","","0.034706","","0.044","23","41","Y","","Colorado","El Paso","Manitou Springs (Manitou)","MANITOU SPRINGS","101 BANKS PL.","Colorado Springs, CO","AQS Data Mart"
"08","041","0016","44201","1","38.853097","-104.901289","WGS84","Ozone","1 HOUR","Ozone 1-hour 1979","2023-02-12","2023","043","Parts per million","None","","24","100.0000","","0.045833","","0.052","15",".","Y","","Colorado","El Paso","Manitou Springs (Manitou)","MANITOU SPRINGS","101 BANKS PL.","Colorado Springs, CO","AQS Data Mart"
"08","041","0016","44201","1","38.853097","-104.901289","WGS84","Ozone","8-HR RUN AVG BEGIN HOUR","Ozone 8-hour 2015","2023-02-12","2023","043","Parts per million","None","","17","100.0000","","0.044588","","0.049","10","45","Y","","Colorado","El Paso","Manitou Springs (Manitou)","MANITOU SPRINGS","101 BANKS PL.","Colorado Springs, CO","AQS Data Mart"
"08","041","0016","44201","1","38.853097","-104.901289","WGS84","Ozone","1 HOUR","Ozone 1-hour 1979","2023-02-13","2023","044","Parts per million","None","","23","96.0000","","0.038783","","0.045","16",".","Y","","Colorado","El Paso","Manitou Springs (Manitou)","MANITOU SPRINGS","101 BANKS PL.","Colorado Springs, CO","AQS Data Mart"
"08","041","0016","44201","1","38.853097","-104.901289","WGS84","Ozone","8-HR RUN AVG BEGIN HOUR","Ozone 8-hour 2015","2023-02-13","2023","044","Parts per million","None","","17","100.0000","","0.039059","","0.042","23","39","Y","","Colorado","El Paso","Manitou Springs (Manitou)","MANITOU SPRINGS","101 BANKS PL.","Colorado Springs, CO","AQS Data Mart"
"08","041","0016","44201","1","38.853097","-104.901289","WGS84","Ozone","1 HOUR","Ozone 1-hour 1979","2023-02-14","2023","045","Parts per million","None","","24","100.0000","","0.046875","","0.051","10",".","Y","","Colorado","El Paso","Manitou Springs (Manitou)","MANITOU SPRINGS","101 BANKS PL.","Colorado Springs, CO","AQS Data Mart"
"08","041","0016","44201","1","38.853097","-104.901289","WGS84","Ozone","8-HR RUN AVG BEGIN HOUR","Ozone 8-hour 2015","2023-02-14","2023","045","Parts per million","None","","17","100.0000","","0.046","","0.049","7","45","Y","","Colorado","El Paso","Manitou Springs (Manitou)","MANITOU SPRINGS","101 BANKS PL.","Colorado Springs, CO","AQS Data Mart"
"08","041","0016","44201","1","38.853097","-104.901289","WGS84","Ozone","1 HOUR","Ozone 1-hour 1979","2023-02-15","2023","046","Parts per million","None","","24","100.0000","","0.036","","0.042","0",".","Y","","Colorado","El Paso","Manitou Springs (Manitou)","MANITOU SPRINGS","101 BANKS PL.","Colorado Springs, CO","AQS Data Mart"
"08","041","0016","44201","1","38.853097","-104.901289","WGS84","Ozone","8-HR RUN AVG BEGIN HOUR","Ozone 8-hour 2015","2023-02-15","2023","046","Parts per million","None","","17","100.0000","","0.035471","","0.038","13","35","Y","","Colorado","El Paso","Manitou Springs (Manitou)","MANITOU SPRINGS","101 BANKS PL.","Colorado Springs, CO","AQS Data Mart"
"08","041","0016","44201","1","38.853097","-104.901289","WGS84","Ozone","1 HOUR","Ozone 1-hour 1979","2023-02-16","2023","047","Parts per million","None","","24","100.0000","","0.04025","","0.05","15",".","Y","","Colorado","El Paso","Manitou Springs (Manitou)","MANITOU SPRINGS","101 BANKS PL.","Colorado Springs, CO","AQS Data Mart"
"08","041","0016","44201","1","38.853097","-104.901289","WGS84","Ozone","8-HR RUN AVG BEGIN HOUR","Ozone 8-hour 2015","2023-02-16","2023","047","Parts per million","None","","17","100.0000","","0.044588","","0.047","10","44","Y","","Colorado","El Paso","Manitou Springs (Manitou)","MANITOU SPRINGS","101 BANKS PL.","Colorado Springs, CO","AQS Data Mart"
"08","041","0016","44201","1","38.853097","-104.901289","WGS84","Ozone","1 HOUR","Ozone 1-hour 1979","2023-02-17","2023","048","Parts per million","None","","24","100.0000","","0.042","","0.049","1",".","Y","","Colorado","El Paso","Manitou Springs (Manitou)","MANITOU SPRINGS","101 BANKS PL.","Colorado Springs, CO","AQS Data Mart"
"08","041","0016","44201","1","38.853097","-104.901289","WGS84","Ozone","8-HR RUN AVG BEGIN HOUR","Ozone 8-hour 2015","2023-02-17","2023","048","Parts per million","None","","17","100.0000","","0.040412","","0.045","23","42","Y","","Colorado","El Paso","Manitou Springs (Manitou)","MANITOU SPRINGS","101 BANKS PL.","Colorado Springs, CO","AQS Data Mart"
"08","041","0016","44201","1","38.853097","-104.901289","WGS84","Ozone","1 HOUR","Ozone 1-hour 1979","2023-02-18","2023","049","Parts per million","None","","24","100.0000","","0.045833","","0.05","12",".","Y","","Colorado","El Paso","Manitou Springs (Manitou)","MANITOU SPRINGS","101 BANKS PL.","Colorado Springs, CO","AQS Data Mart"
"08","041","0016","44201","1","38.853097","-104.901289","WGS84","Ozone","8-HR RUN AVG BEGIN HOUR","Ozone 8-hour 2015","2023-02-18","2023","049","Parts per million","None","","17","100.0000","","0.047294","","0.055","22","51","Y","","Colorado","El Paso","Manitou Springs (Manitou)","MANITOU SPRINGS","101 BANKS PL.","Colorado Springs, CO","AQS Data Mart"
"08","041","0016","44201","1","38.853097","-104.901289","WGS84","Ozone","1 HOUR","Ozone 1-hour 1979","2023-02-19","2023","050","Parts per million","None","","24","100.0000","","0.052792","","0.06","0",".","Y","","Colorado","El Paso","Manitou Springs (Manitou)","MANITOU SPRINGS","101 BANKS PL.","Colorado Springs, CO","AQS Data Mart"
"08","041","0016","44201","1","38.853097","-104.901289","WGS84","Ozone","8-HR RUN AVG BEGIN HOUR","Ozone 8-hour 2015","2023-02-19","2023","050","Parts per million","None","","17","100.0000","","0.049647","","0.052","9","48","Y","","Colorado","El Paso","Manitou Springs (Manitou)","MANITOU SPRINGS","101 BANKS PL.","Colorado Springs, CO","AQS Data Mart"
"08","041","0016","44201","1","38.853097","-104.901289","WGS84","Ozone","1 HOUR","Ozone 1-hour 1979","2023-02-20","2023","051","Parts per million","None","","24","100.0000","","0.042","","0.047","0",".","Y","","Colorado","El Paso","Manitou Springs (Manitou)","MANITOU SPRINGS","101 BANKS PL.","Colorado Springs, CO","AQS Data Mart"
"08","041","0016","44201","1","38.853097","-104.901289","WGS84","Ozone","8-HR RUN AVG BEGIN HOUR","Ozone 8-hour 2015","2023-02-20","2023","051","Parts per million","None","","17","100.0000","","0.038529","","0.043","7","40","Y","","Colorado","El Paso","Manitou Springs (Manitou)","MANITOU SPRINGS","101 BANKS PL.","Colorado Springs, CO","AQS Data Mart"
"08","041","0016","44201","1","38.853097","-104.901289","WGS84","Ozone","1 HOUR","Ozone 1-hour 1979","2023-02-21","2023","052","Parts per million","None","","23","96.0000","","0.043","","0.056","16",".","Y","","Colorado","El Paso","Manitou Springs (Manitou)","MANITOU SPRINGS","101 BANKS PL.","Colorado Springs, CO","AQS Data Mart"
"08","041","0016","44201","1","38.853097","-104.901289","WGS84","Ozone","8-HR RUN AVG BEGIN HOUR","Ozone 8-hour 2015","2023-02-21","2023","052","Parts per million","None","","17","100.0000","","0.046118","","0.054","14","50","Y","","Colorado","El Paso","Manitou Springs (Manitou)","MANITOU SPRINGS","101 BANKS PL.","Colorado Springs, CO","AQS Data Mart"
"08","041","0016","44201","1","38.853097","-104.901289","WGS84","Ozone","1 HOUR","Ozone 1-hour 1979","2023-02-22","2023","053","Parts per million","None","","24","100.0000","","0.029833","","0.043","3",".","Y","","Colorado","El Paso","Manitou Springs (Manitou)","MANITOU SPRINGS","101 BANKS PL.","Colorado Springs, CO","AQS Data Mart"
"08","041","0016","44201","1","38.853097","-104.901289","WGS84","Ozone","8-HR RUN AVG BEGIN HOUR","Ozone 8-hour 2015","2023-02-22","2023","053","Parts per million","None","","17","100.0000","","0.028059","","0.03","15","28","Y","","Colorado","El Paso","Manitou Springs (Manitou)","MANITOU SPRINGS","101 BANKS PL.","Colorado Springs, CO","AQS Data Mart"
"08","041","0016","44201","1","38.853097","-104.901289","WGS84","Ozone","1 HOUR","Ozone 1-hour 1979","2023-02-23","2023","054","Parts per million","None","","24","100.0000","","0.028625","","0.035","16",".","Y","","Colorado","El Paso","Manitou Springs (Manitou)","MANITOU SPRINGS","101 BANKS PL.","Colorado Springs, CO","AQS Data Mart"
"08","041","0016","44201","1","38.853097","-104.901289","WGS84","Ozone","8-HR RUN AVG BEGIN HOUR","Ozone 8-hour 2015","2023-02-23","2023","054","Parts per million","None","","17","100.0000","","0.031176","","0.033","12","31","Y","","Colorado","El Paso","Manitou Springs (Manitou)","MANITOU SPRINGS","101 BANKS PL.","Colorado Springs, CO","AQS Data Mart"
"08","041","0016","44201","1","38.853097","-104.901289","WGS84","Ozone","1 HOUR","Ozone 1-hour 1979","2023-02-24","2023","055","Parts per million","None","","24","100.0000","","0.033375","","0.061","16",".","Y","","Colorado","El Paso","Manitou Springs (Manitou)","MANITOU SPRINGS","101 BANKS PL.","Colorado Springs, CO","AQS Data Mart"
"08","041","0016","44201","1","38.853097","-104.901289","WGS84","Ozone","8-HR RUN AVG BEGIN HOUR","Ozone 8-hour 2015","2023-02-24","2023","055","Parts per million","None","","17","100.0000","","0.034882","","0.045","11","42","Y","","Colorado","El Paso","Manitou Springs (Manitou)","MANITOU SPRINGS","101 BANKS PL.","Colorado Springs, CO","AQS Data Mart"
"08","041","0016","44201","1","38.853097","-104.901289","WGS84","Ozone","1 HOUR","Ozone 1-hour 1979","2023-02-25","2023","056","Parts per million","None","","24","100.0000","","0.039167","","0.053","13",".","Y","","Colorado","El Paso","Manitou Springs (Manitou)","MANITOU SPRINGS","101 BANKS PL.","Colorado Springs, CO","AQS Data Mart"
"08","041","0016","44201","1","38.853097","-104.901289","WGS84","Ozone","8-HR RUN AVG BEGIN HOUR","Ozone 8-hour 2015","2023-02-25","2023","056","Parts per million","None","","17","100.0000","","0.042059","","0.05","11","46","Y","","Colorado","El Paso","Manitou Springs (Manitou)","MANITOU SPRINGS","101 BANKS PL.","Colorado Springs, CO","AQS Data Mart"
"08","041","0016","44201","1","38.853097","-104.901289","WGS84","Ozone","1 HOUR","Ozone 1-hour 1979","2023-02-26","2023","057","Parts per million","None","","24","100.0000","","0.045792","","0.053","23",".","Y","","Colorado","El Paso","Manitou Springs (Manitou)","MANITOU SPRINGS","101 BANKS PL.","Colorado Springs, CO","AQS Data Mart"
"08","041","0016","44201","1","38.853097","-104.901289","WGS84","Ozone","8-HR RUN AVG BEGIN HOUR","Ozone 8-hour 2015","2023-02-26","2023","057","Parts per million","None","","17","100.0000","","0.049588","","0.052","19","48","Y","","Colorado","El Paso","Manitou Springs (Manitou)","MANITOU SPRINGS","101 BANKS PL.","Colorado Springs, CO","AQS Data Mart"
"08","041","0016","44201","1","38.853097","-104.901289","WGS84","Ozone","1 HOUR","Ozone 1-hour 1979","2023-02-27","2023","058","Parts per million","None","","23","96.0000","","0.051565","","0.058","9",".","Y","","Colorado","El Paso","Manitou Springs (Manitou)","MANITOU SPRINGS","101 BANKS PL.","Colorado Springs, CO","AQS Data Mart"
"08","041","0016","44201","1","38.853097","-104.901289","WGS84","Ozone","8-HR RUN AVG BEGIN HOUR","Ozone 8-hour 2015","2023-02-27","2023","058","Parts per million","None","","17","100.0000","","0.050294","","0.055","8","51","Y","","Colorado","El Paso","Manitou Springs (Manitou)","MANITOU SPRINGS","101 BANKS PL.","Colorado Springs, CO","AQS Data Mart"
"08","041","0016","44201","1","38.853097","-104.901289","WGS84","Ozone","1 HOUR","Ozone 1-hour 1979","2023-02-28","2023","059","Parts per million","None","","24","100.0000","","0.049167","","0.052","15",".","Y","","Colorado","El Paso","Manitou Springs (Manitou)","MANITOU SPRINGS","101 BANKS PL.","Colorado Springs, CO","AQS Data Mart"
"08","041","0016","44201","1","38.853097","-104.901289","WGS84","Ozone","8-HR RUN AVG BEGIN HOUR","Ozone 8-hour 2015","2023-02-28","2023","059","Parts per million","None","","17","100.0000","","0.048471","","0.05","10","46","Y","","Colorado","El Paso","Manitou Springs (Manitou)","MANITOU SPRINGS","101 BANKS PL.","Colorado Springs, CO","AQS Data Mart"
"08","041","0016","44201","1","38.853097","-104.901289","WGS84","Ozone","1 HOUR","Ozone 1-hour 1979","2023-03-01","2023","060","Parts per million","None","","24","100.0000","","0.03725","","0.05","3",".","Y","","Colorado","El Paso","Manitou Springs (Manitou)","MANITOU SPRINGS","101 BANKS PL.","Colorado Springs, CO","AQS Data Mart"
"08","041","0016","44201","1","38.853097","-104.901289","WGS84","Ozone","8-HR RUN AVG BEGIN HOUR","Ozone 8-hour 2015","2023-03-01","2023","060","Parts per million","None","","17","100.0000","","0.035412","","0.041","10","38","Y","","Colorado","El Paso","Manitou Springs (Manitou)","MANITOU SPRINGS","101 BANKS PL.","Colorado Springs, CO","AQS Data Mart"
"08","041","0016","44201","1","38.853097","-104.901289","WGS84","Ozone","1 HOUR","Ozone 1-hour 1979","2023-03-02","2023","061","Parts per million","None","","24","100.0000","","0.038167","","0.047","14",".","Y","","Colorado","El Paso","Manitou Springs (Manitou)","MANITOU SPRINGS","101 BANKS PL.","Colorado Springs, CO","AQS Data Mart"
"08","041","0016","44201","1","38.853097","-104.901289","WGS84","Ozone","8-HR RUN AVG BEGIN HOUR","Ozone 8-hour 2015","2023-03-02","2023","061","Parts per million","None","","17","100.0000","","0.038529","","0.044","9","41","Y","","Colorado","El Paso","Manitou Springs (Manitou)","MANITOU SPRINGS","101 BANKS PL.","Colorado Springs, CO","AQS Data Mart"
"08","041","0016","44201","1","38.853097","-104.901289","WGS84","Ozone","1 HOUR","Ozone 1-hour 1979","2023-03-03","2023","062","Parts per million","None","","24","100.0000","","0.039917","","0.046","11",".","Y","","Colorado","El Paso","Manitou Springs (Manitou)","MANITOU SPRINGS","101 BANKS PL.","Colorado Springs, CO","AQS Data Mart"
"08","041","0016","44201","1","38.853097","-104.901289","WGS84","Ozone","8-HR RUN AVG BEGIN HOUR","Ozone 8-hour 2015","2023-03-03","2023","062","Parts per million","None","","17","100.0000","","0.041235","","0.045","11","42","Y","","Colorado","El Paso","Manitou Springs (Manitou)","MANITOU SPRINGS","101 BANKS PL.","Colorado Springs, CO","AQS Data Mart"
"08","041","0016","44201","1","38.853097","-104.901289","WGS84","Ozone","1 HOUR","Ozone 1-hour 1979","2023-03-04","2023","063","Parts per million","None","","24","100.0000","","0.038667","","0.043","13",".","Y","","Colorado","El Paso","Manitou Springs (Manitou)","MANITOU SPRINGS","101 BANKS PL.","Colorado Springs, CO","AQS Data Mart"
"08","041","0016","44201","1","38.853097","-104.901289","WGS84","Ozone","8-HR RUN AVG BEGIN HOUR","Ozone 8-hour 2015","2023-03-04","2023","063","Parts per million","None","","17","100.0000","","0.037647","","0.041","11","38","Y","","Colorado","El Paso","Manitou Springs (Manitou)","MANITOU SPRINGS","101 BANKS PL.","Colorado Springs, CO","AQS Data Mart"
"08","041","0016","44201","1","38.853097","-104.901289","WGS84","Ozone","1 HOUR","Ozone 1-hour 1979","2023-03-05","2023","064","Parts per million","None","","24","100.0000","","0.047667","","0.053","13",".","Y","","Colorado","El Paso","Manitou Springs (Manitou)","MANITOU SPRINGS","101 BANKS PL.","Colorado Springs, CO","AQS Data Mart"
"08","041","0016","44201","1","38.853097","-104.901289","WGS84","Ozone","8-HR RUN AVG BEGIN HOUR","Ozone 8-hour 2015","2023-03-05","2023","064","Parts per million","None","","17","100.0000","","0.049294","","0.052","9","48","Y","","Colorado","El Paso","Manitou Springs (Manitou)","MANITOU SPRINGS","101 BANKS PL.","Colorado Springs, CO","AQS Data Mart"
"08","041","0016","44201","1","38.853097","-104.901289","WGS84","Ozone","8-HR RUN AVG BEGIN HOUR","Ozone 8-hour 2015","2023-03-06","2023","065","Parts per million","None","","17","100.0000","","0.040529","","0.048","9","44","Y","","Colorado","El Paso","Manitou Springs (Manitou)","MANITOU SPRINGS","101 BANKS PL.","Colorado Springs, CO","AQS Data Mart"
"08","041","0016","44201","1","38.853097","-104.901289","WGS84","Ozone","1 HOUR","Ozone 1-hour 1979","2023-03-06","2023","065","Parts per million","None","","24","100.0000","","0.04425","","0.051","14",".","Y","","Colorado","El Paso","Manitou Springs (Manitou)","MANITOU SPRINGS","101 BANKS PL.","Colorado Springs, CO","AQS Data Mart"
"08","041","0016","44201","1","38.853097","-104.901289","WGS84","Ozone","1 HOUR","Ozone 1-hour 1979","2023-03-07","2023","066","Parts per million","None","","24","100.0000","","0.022542","","0.035","0",".","Y","","Colorado","El Paso","Manitou Springs (Manitou)","MANITOU SPRINGS","101 BANKS PL.","Colorado Springs, CO","AQS Data Mart"
"08","041","0016","44201","1","38.853097","-104.901289","WGS84","Ozone","8-HR RUN AVG BEGIN HOUR","Ozone 8-hour 2015","2023-03-07","2023","066","Parts per million","None","","17","100.0000","","0.018176","","0.023","7","21","Y","","Colorado","El Paso","Manitou Springs (Manitou)","MANITOU SPRINGS","101 BANKS PL.","Colorado Springs, CO","AQS Data Mart"
"08","041","0016","44201","1","38.853097","-104.901289","WGS84","Ozone","8-HR RUN AVG BEGIN HOUR","Ozone 8-hour 2015","2023-03-08","2023","067","Parts per million","None","","17","100.0000","","0.023235","","0.025","11","23","Y","","Colorado","El Paso","Manitou Springs (Manitou)","MANITOU SPRINGS","101 BANKS PL.","Colorado Springs, CO","AQS Data Mart"
"08","041","0016","44201","1","38.853097","-104.901289","WGS84","Ozone","1 HOUR","Ozone 1-hour 1979","2023-03-08","2023","067","Parts per million","None","","24","100.0000","","0.01975","","0.028","13",".","Y","","Colorado","El Paso","Manitou Springs (Manitou)","MANITOU SPRINGS","101 BANKS PL.","Colorado Springs, CO","AQS Data Mart"
"08","041","0016","44201","1","38.853097","-104.901289","WGS84","Ozone","1 HOUR","Ozone 1-hour 1979","2023-03-09","2023","068","Parts per million","None","","23","96.0000","","0.036217","","0.052","9",".","Y","","Colorado","El Paso","Manitou Springs (Manitou)","MANITOU SPRINGS","101 BANKS PL.","Colorado Springs, CO","AQS Data Mart"
"08","041","0016","44201","1","38.853097","-104.901289","WGS84","Ozone","8-HR RUN AVG BEGIN HOUR","Ozone 8-hour 2015","2023-03-09","2023","068","Parts per million","None","","17","100.0000","","0.038941","","0.047","8","44","Y","","Colorado","El Paso","Manitou Springs (Manitou)","MANITOU SPRINGS","101 BANKS PL.","Colorado Springs, CO","AQS Data Mart"
"08","041","0016","44201","1","38.853097","-104.901289","WGS84","Ozone","8-HR RUN AVG BEGIN HOUR","Ozone 8-hour 2015","2023-03-10","2023","069","Parts per million","None","","17","100.0000","","0.035059","","0.037","11","34","Y","","Colorado","El Paso","Manitou Springs (Manitou)","MANITOU SPRINGS","101 BANKS PL.","Colorado Springs, CO","AQS Data Mart"
"08","041","0016","44201","1","38.853097","-104.901289","WGS84","Ozone","1 HOUR","Ozone 1-hour 1979","2023-03-10","2023","069","Parts per million","None","","24","100.0000","","0.033667","","0.04","12",".","Y","","Colorado","El Paso","Manitou Springs (Manitou)","MANITOU SPRINGS","101 BANKS PL.","Colorado Springs, CO","AQS Data Mart"
"08","041","0016","44201","1","38.853097","-104.901289","WGS84","Ozone","1 HOUR","Ozone 1-hour 1979","2023-03-11","2023","070","Parts per million","None","","24","100.0000","","0.039042","","0.048","17",".","Y","","Colorado","El Paso","Manitou Springs (Manitou)","MANITOU SPRINGS","101 BANKS PL.","Colorado Springs, CO","AQS Data Mart"
"08","041","0016","44201","1","38.853097","-104.901289","WGS84","Ozone","8-HR RUN AVG BEGIN HOUR","Ozone 8-hour 2015","2023-03-11","2023","070","Parts per million","None","","17","100.0000","","0.039588","","0.044","12","41","Y","","Colorado","El Paso","Manitou Springs (Manitou)","MANITOU SPRINGS","101 BANKS PL.","Colorado Springs, CO","AQS Data Mart"
"08","041","0016","44201","1","38.853097","-104.901289","WGS84","Ozone","1 HOUR","Ozone 1-hour 1979","2023-03-12","2023","071","Parts per million","None","","24","100.0000","","0.037667","","0.044","11",".","Y","","Colorado","El Paso","Manitou Springs (Manitou)","MANITOU SPRINGS","101 BANKS PL.","Colorado Springs, CO","AQS Data Mart"
"08","041","0016","44201","1","38.853097","-104.901289","WGS84","Ozone","8-HR RUN AVG BEGIN HOUR","Ozone 8-hour 2015","2023-03-12","2023","071","Parts per million","None","","17","100.0000","","0.036706","","0.043","9","40","Y","","Colorado","El Paso","Manitou Springs (Manitou)","MANITOU SPRINGS","101 BANKS PL.","Colorado Springs, CO","AQS Data Mart"
"08","041","0016","44201","1","38.853097","-104.901289","WGS84","Ozone","1 HOUR","Ozone 1-hour 1979","2023-03-13","2023","072","Parts per million","None","","23","96.0000","","0.031609","","0.042","15",".","Y","","Colorado","El Paso","Manitou Springs (Manitou)","MANITOU SPRINGS","101 BANKS PL.","Colorado Springs, CO","AQS Data Mart"
"08","041","0016","44201","1","38.853097","-104.901289","WGS84","Ozone","8-HR RUN AVG BEGIN HOUR","Ozone 8-hour 2015","2023-03-13","2023","072","Parts per million","None","","17","100.0000","","0.034176","","0.038","12","35","Y","","Colorado","El Paso","Manitou Springs (Manitou)","MANITOU SPRINGS","101 BANKS PL.","Colorado Springs, CO","AQS Data Mart"
"08","041","0016","44201","1","38.853097","-104.901289","WGS84","Ozone","1 HOUR","Ozone 1-hour 1979","2023-03-14","2023","073","Parts per million","None","","24","100.0000","","0.04375","","0.055","18",".","Y","","Colorado","El Paso","Manitou Springs (Manitou)","MANITOU SPRINGS","101 BANKS PL.","Colorado Springs, CO","AQS Data Mart"
"08","041","0016","44201","1","38.853097","-104.901289","WGS84","Ozone","8-HR RUN AVG BEGIN HOUR","Ozone 8-hour 2015","2023-03-14","2023","073","Parts per million","None","","17","100.0000","","0.047294","","0.052","12","48","Y","","Colorado","El Paso","Manitou Springs (Manitou)","MANITOU SPRINGS","101 BANKS PL.","Colorado Springs, CO","AQS Data Mart"
"08","041","0016","44201","1","38.853097","-104.901289","WGS84","Ozone","1 HOUR","Ozone 1-hour 1979","2023-03-15","2023","074","Parts per million","None","","24","100.0000","","0.039583","","0.045","11",".","Y","","Colorado","El Paso","Manitou Springs (Manitou)","MANITOU SPRINGS","101 BANKS PL.","Colorado Springs, CO","AQS Data Mart"
"08","041","0016","44201","1","38.853097","-104.901289","WGS84","Ozone","8-HR RUN AVG BEGIN HOUR","Ozone 8-hour 2015","2023-03-15","2023","074","Parts per million","None","","17","100.0000","","0.038647","","0.041","7","38","Y","","Colorado","El Paso","Manitou Springs (Manitou)","MANITOU SPRINGS","101 BANKS PL.","Colorado Springs, CO","AQS Data Mart"
"08","041","0016","44201","1","38.853097","-104.901289","WGS84","Ozone","1 HOUR","Ozone 1-hour 1979","2023-03-16","2023","075","Parts per million","None","","24","100.0000","","0.042667","","0.047","17",".","Y","","Colorado","El Paso","Manitou Springs (Manitou)","MANITOU SPRINGS","101 BANKS PL.","Colorado Springs, CO","AQS Data Mart"
"08","041","0016","44201","1","38.853097","-104.901289","WGS84","Ozone","8-HR RUN AVG BEGIN HOUR","Ozone 8-hour 2015","2023-03-16","2023","075","Parts per million","None","","17","100.0000","","0.043824","","0.046","11","43","Y","","Colorado","El Paso","Manitou Springs (Manitou)","MANITOU SPRINGS","101 BANKS PL.","Colorado Springs, CO","AQS Data Mart"
"08","041","0016","44201","1","38.853097","-104.901289","WGS84","Ozone","1 HOUR","Ozone 1-hour 1979","2023-03-17","2023","076","Parts per million","None","","24","100.0000","","0.043958","","0.051","16",".","Y","","Colorado","El Paso","Manitou Springs (Manitou)","MANITOU SPRINGS","101 BANKS PL.","Colorado Springs, CO","AQS Data Mart"
"08","041","0016","44201","1","38.853097","-104.901289","WGS84","Ozone","8-HR RUN AVG BEGIN HOUR","Ozone 8-hour 2015","2023-03-17","2023","076","Parts per million","None","","17","100.0000","","0.044706","","0.048","13","44","Y","","Colorado","El Paso","Manitou Springs (Manitou)","MANITOU SPRINGS","101 BANKS PL.","Colorado Springs, CO","AQS Data Mart"
"08","041","0016","44201","1","38.853097","-104.901289","WGS84","Ozone","1 HOUR","Ozone 1-hour 1979","2023-03-18","2023","077","Parts per million","None","","24","100.0000","","0.044167","","0.052","14",".","Y","","Colorado","El Paso","Manitou Springs (Manitou)","MANITOU SPRINGS","101 BANKS PL.","Colorado Springs, CO","AQS Data Mart"
"08","041","0016","44201","1","38.853097","-104.901289","WGS84","Ozone","8-HR RUN AVG BEGIN HOUR","Ozone 8-hour 2015","2023-03-18","2023","077","Parts per million","None","","17","100.0000","","0.045059","","0.051","10","47","Y","","Colorado","El Paso","Manitou Springs (Manitou)","MANITOU SPRINGS","101 BANKS PL.","Colorado Springs, CO","AQS Data Mart"
"08","041","0016","44201","1","38.853097","-104.901289","WGS84","Ozone","1 HOUR","Ozone 1-hour 1979","2023-03-19","2023","078","Parts per million","None","","24","100.0000","","0.045458","","0.054","13",".","Y","","Colorado","El Paso","Manitou Springs (Manitou)","MANITOU SPRINGS","101 BANKS PL.","Colorado Springs, CO","AQS Data Mart"
"08","041","0016","44201","1","38.853097","-104.901289","WGS84","Ozone","8-HR RUN AVG BEGIN HOUR","Ozone 8-hour 2015","2023-03-19","2023","078","Parts per million","None","","17","100.0000","","0.048353","","0.052","11","48","Y","","Colorado","El Paso","Manitou Springs (Manitou)","MANITOU SPRINGS","101 BANKS PL.","Colorado Springs, CO","AQS Data Mart"
"08","041","0016","44201","1","38.853097","-104.901289","WGS84","Ozone","1 HOUR","Ozone 1-hour 1979","2023-03-20","2023","079","Parts per million","None","","24","100.0000","","0.042375","","0.049","14",".","Y","","Colorado","El Paso","Manitou Springs (Manitou)","MANITOU SPRINGS","101 BANKS PL.","Colorado Springs, CO","AQS Data Mart"
"08","041","0016","44201","1","38.853097","-104.901289","WGS84","Ozone","8-HR RUN AVG BEGIN HOUR","Ozone 8-hour 2015","2023-03-20","2023","079","Parts per million","None","","17","100.0000","","0.042353","","0.046","10","43","Y","","Colorado","El Paso","Manitou Springs (Manitou)","MANITOU SPRINGS","101 BANKS PL.","Colorado Springs, CO","AQS Data Mart"
"08","041","0016","44201","1","38.853097","-104.901289","WGS84","Ozone","1 HOUR","Ozone 1-hour 1979","2023-03-21","2023","080","Parts per million","None","","22","92.0000","","0.044545","","0.053","12",".","Y","","Colorado","El Paso","Manitou Springs (Manitou)","MANITOU SPRINGS","101 BANKS PL.","Colorado Springs, CO","AQS Data Mart"
"08","041","0016","44201","1","38.853097","-104.901289","WGS84","Ozone","8-HR RUN AVG BEGIN HOUR","Ozone 8-hour 2015","2023-03-21","2023","080","Parts per million","None","","17","100.0000","","0.041118","","0.05","7","46","Y","","Colorado","El Paso","Manitou Springs (Manitou)","MANITOU SPRINGS","101 BANKS PL.","Colorado Springs, CO","AQS Data Mart"
"08","041","0016","44201","1","38.853097","-104.901289","WGS84","Ozone","1 HOUR","Ozone 1-hour 1979","2023-03-22","2023","081","Parts per million","None","","20","83.0000","","0.0388","","0.066","21",".","N","","Colorado","El Paso","Manitou Springs (Manitou)","MANITOU SPRINGS","101 BANKS PL.","Colorado Springs, CO","AQS Data Mart"
"08","041","0016","44201","1","38.853097","-104.901289","WGS84","Ozone","8-HR RUN AVG BEGIN HOUR","Ozone 8-hour 2015","2023-03-22","2023","081","Parts per million","None","","12","71.0000","","0.056417","","0.064","21","80","N","","Colorado","El Paso","Manitou Springs (Manitou)","MANITOU SPRINGS","101 BANKS PL.","Colorado Springs, CO","AQS Data Mart"
"08","041","0016","44201","1","38.853097","-104.901289","WGS84","Ozone","1 HOUR","Ozone 1-hour 1979","2023-03-23","2023","082","Parts per million","None","","24","100.0000","","0.058958","","0.069","1",".","Y","","Colorado","El Paso","Manitou Springs (Manitou)","MANITOU SPRINGS","101 BANKS PL.","Colorado Springs, CO","AQS Data Mart"
"08","041","0016","44201","1","38.853097","-104.901289","WGS84","Ozone","8-HR RUN AVG BEGIN HOUR","Ozone 8-hour 2015","2023-03-23","2023","082","Parts per million","None","","17","100.0000","","0.054","","0.061","9","71","Y","","Colorado","El Paso","Manitou Springs (Manitou)","MANITOU SPRINGS","101 BANKS PL.","Colorado Springs, CO","AQS Data Mart"
"08","041","0016","44201","1","38.853097","-104.901289","WGS84","Ozone","1 HOUR","Ozone 1-hour 1979","2023-03-24","2023","083","Parts per million","None","","24","100.0000","","0.048667","","0.056","13",".","Y","","Colorado","El Paso","Manitou Springs (Manitou)","MANITOU SPRINGS","101 BANKS PL.","Colorado Springs, CO","AQS Data Mart"
"08","041","0016","44201","1","38.853097","-104.901289","WGS84","Ozone","8-HR RUN AVG BEGIN HOUR","Ozone 8-hour 2015","2023-03-24","2023","083","Parts per million","None","","17","100.0000","","0.049588","","0.054","9","50","Y","","Colorado","El Paso","Manitou Springs (Manitou)","MANITOU SPRINGS","101 BANKS PL.","Colorado Springs, CO","AQS Data Mart"
"08","041","0016","44201","1","38.853097","-104.901289","WGS84","Ozone","1 HOUR","Ozone 1-hour 1979","2023-03-25","2023","084","Parts per million","None","","24","100.0000","","0.052792","","0.063","16",".","Y","","Colorado","El Paso","Manitou Springs (Manitou)","MANITOU SPRINGS","101 BANKS PL.","Colorado Springs, CO","AQS Data Mart"
"08","041","0016","44201","1","38.853097","-104.901289","WGS84","Ozone","8-HR RUN AVG BEGIN HOUR","Ozone 8-hour 2015","2023-03-25","2023","084","Parts per million","None","","17","100.0000","","0.052941","","0.058","11","61","Y","","Colorado","El Paso","Manitou Springs (Manitou)","MANITOU SPRINGS","101 BANKS PL.","Colorado Springs, CO","AQS Data Mart"
"08","041","0016","44201","1","38.853097","-104.901289","WGS84","Ozone","1 HOUR","Ozone 1-hour 1979","2023-03-26","2023","085","Parts per million","None","","24","100.0000","","0.05025","","0.054","13",".","Y","","Colorado","El Paso","Manitou Springs (Manitou)","MANITOU SPRINGS","101 BANKS PL.","Colorado Springs, CO","AQS Data Mart"
"08","041","0016","44201","1","38.853097","-104.901289","WGS84","Ozone","8-HR RUN AVG BEGIN HOUR","Ozone 8-hour 2015","2023-03-26","2023","085","Parts per million","None","","17","100.0000","","0.049412","","0.053","10","49","Y","","Colorado","El Paso","Manitou Springs (Manitou)","MANITOU SPRINGS","101 BANKS PL.","Colorado Springs, CO","AQS Data Mart"
"08","041","0016","44201","1","38.853097","-104.901289","WGS84","Ozone","1 HOUR","Ozone 1-hour 1979","2023-03-27","2023","086","Parts per million","None","","23","96.0000","","0.048435","","0.057","12",".","Y","","Colorado","El Paso","Manitou Springs (Manitou)","MANITOU SPRINGS","101 BANKS PL.","Colorado Springs, CO","AQS Data Mart"
"08","041","0016","44201","1","38.853097","-104.901289","WGS84","Ozone","8-HR RUN AVG BEGIN HOUR","Ozone 8-hour 2015","2023-03-27","2023","086","Parts per million","None","","17","100.0000","","0.048529","","0.055","7","51","Y","","Colorado","El Paso","Manitou Springs (Manitou)","MANITOU SPRINGS","101 BANKS PL.","Colorado Springs, CO","AQS Data Mart"
"08","041","0016","44201","1","38.853097","-104.901289","WGS84","Ozone","1 HOUR","Ozone 1-hour 1979","2023-03-28","2023","087","Parts per million","None","","24","100.0000","","0.044917","","0.051","13",".","Y","","Colorado","El Paso","Manitou Springs (Manitou)","MANITOU SPRINGS","101 BANKS PL.","Colorado Springs, CO","AQS Data Mart"
"08","041","0016","44201","1","38.853097","-104.901289","WGS84","Ozone","8-HR RUN AVG BEGIN HOUR","Ozone 8-hour 2015","2023-03-28","2023","087","Parts per million","None","","17","100.0000","","0.045353","","0.049","10","45","Y","","Colorado","El Paso","Manitou Springs (Manitou)","MANITOU SPRINGS","101 BANKS PL.","Colorado Springs, CO","AQS Data Mart"
"08","041","0016","44201","1","38.853097","-104.901289","WGS84","Ozone","1 HOUR","Ozone 1-hour 1979","2023-03-29","2023","088","Parts per million","None","","24","100.0000","","0.042583","","0.051","12",".","Y","","Colorado","El Paso","Manitou Springs (Manitou)","MANITOU SPRINGS","101 BANKS PL.","Colorado Springs, CO","AQS Data Mart"
"08","041","0016","44201","1","38.853097","-104.901289","WGS84","Ozone","8-HR RUN AVG BEGIN HOUR","Ozone 8-hour 2015","2023-03-29","2023","088","Parts per million","None","","17","100.0000","","0.038529","","0.046","7","43","Y","","Colorado","El Paso","Manitou Springs (Manitou)","MANITOU SPRINGS","101 BANKS PL.","Colorado Springs, CO","AQS Data Mart"
"08","041","0016","44201","1","38.853097","-104.901289","WGS84","Ozone","1 HOUR","Ozone 1-hour 1979","2023-03-30","2023","089","Parts per million","None","","24","100.0000","","0.046125","","0.064","19",".","Y","","Colorado","El Paso","Manitou Springs (Manitou)","MANITOU SPRINGS","101 BANKS PL.","Colorado Springs, CO","AQS Data Mart"
"08","041","0016","44201","1","38.853097","-104.901289","WGS84","Ozone","8-HR RUN AVG BEGIN HOUR","Ozone 8-hour 2015","2023-03-30","2023","089","Parts per million","None","","17","100.0000","","0.056235","","0.059","12","64","Y","","Colorado","El Paso","Manitou Springs (Manitou)","MANITOU SPRINGS","101 BANKS PL.","Colorado Springs, CO","AQS Data Mart"
"08","041","0016","44201","1","38.853097","-104.901289","WGS84","Ozone","8-HR RUN AVG BEGIN HOUR","Ozone 8-hour 2015","2023-03-31","2023","090","Parts per million","None","","12","71.0000","","0.04875","","0.05","7","46","N","","Colorado","El Paso","Manitou Springs (Manitou)","MANITOU SPRINGS","101 BANKS PL.","Colorado Springs, CO","AQS Data Mart"
"08","041","0016","44201","1","38.853097","-104.901289","WGS84","Ozone","1 HOUR","Ozone 1-hour 1979","2023-03-31","2023","090","Parts per million","None","","24","100.0000","","0.051667","","0.06","0",".","Y","","Colorado","El Paso","Manitou Springs (Manitou)","MANITOU SPRINGS","101 BANKS PL.","Colorado Springs, CO","AQS Data Mart"
